{
  "project_info": {
    "project_number": "147560281146",
    "firebase_url": "https://mapuacms.firebaseio.com",
    "project_id": "mapuacms",
    "storage_bucket": "mapuacms.appspot.com"
  },
  "client": [
    {
      "client_info": {
        "mobilesdk_app_id": "1:147560281146:android:6032b95f9ecca6020fb103",
        "android_client_info": {
          "package_name": "com.example.cmsclient"
        }
      },
      "oauth_client": [
        {
          "client_id": "147560281146-b3i2bae61a25l5ohpv8lr8vd2c27svvu.apps.googleusercontent.com",
          "client_type": 3
        }
      ],
      "api_key": [
        {
          "current_key": "AIzaSyDx7RDSkMV0gjLbc-YicRDEZdr8TZ6w3PY"
        }
      ],
      "services": {
        "appinvite_service": {
          "other_platform_oauth_client": [
            {
              "client_id": "147560281146-b3i2bae61a25l5ohpv8lr8vd2c27svvu.apps.googleusercontent.com",
              "client_type": 3
            }
          ]
        }
      }
    }
  ],
  "configuration_version": "1"
}